{
  "model_name": "lgb_classifier",
  "metrics": {
    "accuracy": 0.935,
    "precision": 0.935043504350435,
    "recall": 0.935,
    "f1": 0.934998374959374,
    "auc": 0.9723999999999999
  },
  "confusion_matrix": [
    [
      93,
      7
    ],
    [
      6,
      94
    ]
  ],
  "classification_report": {
    "0": {
      "precision": 0.9393939393939394,
      "recall": 0.93,
      "f1-score": 0.9346733668341709,
      "support": 100.0
    },
    "1": {
      "precision": 0.9306930693069307,
      "recall": 0.94,
      "f1-score": 0.9353233830845771,
      "support": 100.0
    },
    "accuracy": 0.935,
    "macro avg": {
      "precision": 0.935043504350435,
      "recall": 0.935,
      "f1-score": 0.934998374959374,
      "support": 200.0
    },
    "weighted avg": {
      "precision": 0.935043504350435,
      "recall": 0.935,
      "f1-score": 0.934998374959374,
      "support": 200.0
    }
  },
  "feature_importance": null
}