model,accuracy,precision,recall,f1,auc
lgb_classifier,0.935,0.935043504350435,0.935,0.934998374959374,0.9723999999999999
xgb_classifier,0.92,0.9201680672268907,0.92,0.9199919991999201,0.9604
random_forest_classifier,0.9,0.9001600640256103,0.9,0.8999899989999,0.9684000000000001
logistic_regression,0.81,0.810124049619848,0.81,0.80998099809981,0.8863
