{
  "model_name": "random_forest_classifier",
  "metrics": {
    "accuracy": 0.9,
    "precision": 0.9001600640256103,
    "recall": 0.9,
    "f1": 0.8999899989999,
    "auc": 0.9684000000000001
  },
  "confusion_matrix": [
    [
      89,
      11
    ],
    [
      9,
      91
    ]
  ],
  "classification_report": {
    "0": {
      "precision": 0.9081632653061225,
      "recall": 0.89,
      "f1-score": 0.898989898989899,
      "support": 100.0
    },
    "1": {
      "precision": 0.8921568627450981,
      "recall": 0.91,
      "f1-score": 0.900990099009901,
      "support": 100.0
    },
    "accuracy": 0.9,
    "macro avg": {
      "precision": 0.9001600640256102,
      "recall": 0.9,
      "f1-score": 0.8999899989999001,
      "support": 200.0
    },
    "weighted avg": {
      "precision": 0.9001600640256103,
      "recall": 0.9,
      "f1-score": 0.8999899989999,
      "support": 200.0
    }
  },
  "feature_importance": null
}